<?xml version="1.0" encoding="UTF-8"?>
<root>
  <item name="com.skj.swiperecyclerview.SwipeMenu int getOrientation()">
    <annotation name="android.support.annotation.IntDef">
      <val name="value" val="{com.skj.swiperecyclerview.SwipeMenu.HORIZONTAL, com.skj.swiperecyclerview.SwipeMenu.VERTICAL}" />
    </annotation>
  </item>
  <item name="com.skj.swiperecyclerview.SwipeMenu void setOrientation(int) 0">
    <annotation name="android.support.annotation.IntDef">
      <val name="value" val="{com.skj.swiperecyclerview.SwipeMenu.HORIZONTAL, com.skj.swiperecyclerview.SwipeMenu.VERTICAL}" />
    </annotation>
  </item>
  <item name="com.skj.swiperecyclerview.SwipeMenu.OrientationMode">
    <annotation name="android.support.annotation.IntDef">
      <val name="value" val="{com.skj.swiperecyclerview.SwipeMenu.HORIZONTAL, com.skj.swiperecyclerview.SwipeMenu.VERTICAL}" />
    </annotation>
  </item>
  <item name="com.skj.swiperecyclerview.SwipeMenuBridge SwipeMenuBridge(int, int, com.skj.swiperecyclerview.SwipeSwitch, android.view.View) 0">
    <annotation name="android.support.annotation.IntDef">
      <val name="value" val="{com.skj.swiperecyclerview.SwipeMenuRecyclerView.LEFT_DIRECTION, com.skj.swiperecyclerview.SwipeMenuRecyclerView.RIGHT_DIRECTION}" />
    </annotation>
  </item>
  <item name="com.skj.swiperecyclerview.SwipeMenuBridge int getDirection()">
    <annotation name="android.support.annotation.IntDef">
      <val name="value" val="{com.skj.swiperecyclerview.SwipeMenuRecyclerView.LEFT_DIRECTION, com.skj.swiperecyclerview.SwipeMenuRecyclerView.RIGHT_DIRECTION}" />
    </annotation>
  </item>
  <item name="com.skj.swiperecyclerview.SwipeMenuBridge mDirection">
    <annotation name="android.support.annotation.IntDef">
      <val name="value" val="{com.skj.swiperecyclerview.SwipeMenuRecyclerView.LEFT_DIRECTION, com.skj.swiperecyclerview.SwipeMenuRecyclerView.RIGHT_DIRECTION}" />
    </annotation>
  </item>
  <item name="com.skj.swiperecyclerview.SwipeMenuRecyclerView void smoothOpenMenu(int, int, int) 1">
    <annotation name="android.support.annotation.IntDef">
      <val name="value" val="{com.skj.swiperecyclerview.SwipeMenuRecyclerView.LEFT_DIRECTION, com.skj.swiperecyclerview.SwipeMenuRecyclerView.RIGHT_DIRECTION}" />
    </annotation>
  </item>
  <item name="com.skj.swiperecyclerview.SwipeMenuRecyclerView.DirectionMode">
    <annotation name="android.support.annotation.IntDef">
      <val name="value" val="{com.skj.swiperecyclerview.SwipeMenuRecyclerView.LEFT_DIRECTION, com.skj.swiperecyclerview.SwipeMenuRecyclerView.RIGHT_DIRECTION}" />
    </annotation>
  </item>
  <item name="com.skj.swiperecyclerview.SwipeMenuView mDirection">
    <annotation name="android.support.annotation.IntDef">
      <val name="value" val="{com.skj.swiperecyclerview.SwipeMenuRecyclerView.LEFT_DIRECTION, com.skj.swiperecyclerview.SwipeMenuRecyclerView.RIGHT_DIRECTION}" />
    </annotation>
  </item>
  <item name="com.skj.swiperecyclerview.SwipeMenuView void createMenu(com.skj.swiperecyclerview.SwipeMenu, com.skj.swiperecyclerview.SwipeSwitch, com.skj.swiperecyclerview.SwipeMenuItemClickListener, int) 3">
    <annotation name="android.support.annotation.IntDef">
      <val name="value" val="{com.skj.swiperecyclerview.SwipeMenuRecyclerView.LEFT_DIRECTION, com.skj.swiperecyclerview.SwipeMenuRecyclerView.RIGHT_DIRECTION}" />
    </annotation>
  </item>
</root>

