<?xml version="1.0" encoding="UTF-8"?>
<root>
  <item name="com.skj.swiperecyclerview.SwipeMenu int getOrientation()">
    <annotation name="android.support.annotation.IntDef">
      <val name="value" val="{com.skj.swiperecyclerview.SwipeMenu.HORIZONTAL, com.skj.swiperecyclerview.SwipeMenu.VERTICAL}" />
    </annotation>
  </item>
  <item name="com.skj.swiperecyclerview.SwipeMenu void setOrientation(int) 0">
    <annotation name="android.support.annotation.IntDef">
      <val name="value" val="{com.skj.swiperecyclerview.SwipeMenu.HORIZONTAL, com.skj.swiperecyclerview.SwipeMenu.VERTICAL}" />
    </annotation>
  </item>
  <item name="com.skj.swiperecyclerview.SwipeMenu.OrientationMode">
    <annotation name="android.support.annotation.IntDef">
      <val name="value" val="{com.skj.swiperecyclerview.SwipeMenu.HORIZONTAL, com.skj.swiperecyclerview.SwipeMenu.VERTICAL}" />
    </annotation>
  </item>
</root>

